{
      "1": {
            "recall": 0.836,
            "cal": 101.0
      },
      "3": {
            "recall": 0.9359999999999999,
            "cal": 204.35
      },
      "5": {
            "recall": 0.9740000000000001,
            "cal": 272.81
      },
      "7": {
            "recall": 0.98,
            "cal": 330.15
      },
      "10": {
            "recall": 0.9860000000000001,
            "cal": 404.64
      },
      "20": {
            "recall": 0.988,
            "cal": 596.13
      },
      "30": {
            "recall": 0.99,
            "cal": 743.92
      },
      "40": {
            "recall": 0.99,
            "cal": 871.36
      },
      "50": {
            "recall": 0.99,
            "cal": 982.55
      },
      "60": {
            "recall": 0.99,
            "cal": 1078.97
      },
      "70": {
            "recall": 0.99,
            "cal": 1170.52
      },
      "80": {
            "recall": 0.99,
            "cal": 1252.94
      },
      "90": {
            "recall": 0.99,
            "cal": 1326.94
      },
      "100": {
            "recall": 0.99,
            "cal": 1399.58
      }
}